{
  "train_loss": [
    1.960758317600597
  ],
  "train_acc": [
    0.22727272727272727
  ],
  "val_loss": [
    1.4443585634231568
  ],
  "val_acc": [
    0.25
  ]
}