{
  "train_loss": [
    2.5617018287832085,
    1.3757149631326848,
    1.2309768416664817,
    0.9516223994168368
  ],
  "train_acc": [
    0.3068181818181818,
    0.25,
    0.3977272727272727,
    0.6136363636363636
  ],
  "val_loss": [
    1.3896189689636231,
    1.3260208129882813,
    1.0358095645904541,
    2.0534600377082826
  ],
  "val_acc": [
    0.25,
    0.25,
    0.7,
    0.5
  ]
}