{
  "train_loss": [
    2.1733734065836128,
    1.3353984464298596,
    1.3102257576855747,
    1.2919023687189275
  ],
  "train_acc": [
    0.2727272727272727,
    0.25,
    0.48863636363636365,
    0.4659090909090909
  ],
  "val_loss": [
    1.387037420272827,
    1.0809858560562133,
    1.2334568500518799,
    1.1081622123718262
  ],
  "val_acc": [
    0.25,
    0.5,
    0.425,
    0.475
  ]
}