{
  "train_loss": [
    1.7004948637702249,
    1.3678456328131936,
    1.1677880395542493,
    0.8573130965232849
  ],
  "train_acc": [
    0.2159090909090909,
    0.3181818181818182,
    0.4659090909090909,
    0.4659090909090909
  ],
  "val_loss": [
    1.3522971153259278,
    1.2572639226913451,
    1.0066947221755982,
    1.2201617002487182
  ],
  "val_acc": [
    0.25,
    0.425,
    0.45,
    0.5
  ]
}