{
  "train_loss": [
    0.9533542719754305,
    0.12913706289096313,
    0.18211209367622028,
    0.05596442757682367
  ],
  "train_acc": [
    0.5795454545454546,
    0.9886363636363636,
    0.9659090909090909,
    0.9772727272727273
  ],
  "val_loss": [
    0.7287034273147583,
    0.2902041345834732,
    0.18725205659866334,
    0.046054670214653017
  ],
  "val_acc": [
    0.675,
    0.875,
    0.925,
    0.975
  ]
}