{
  "train_loss": [
    1.0939701849764043,
    0.19663426821882074,
    0.28295769542455673,
    0.1877350929108533
  ],
  "train_acc": [
    0.5113636363636364,
    0.9431818181818182,
    0.875,
    0.9318181818181818
  ],
  "val_loss": [
    0.8342336893081665,
    0.9655103862285614,
    0.4640717297792435,
    0.6407571390271187
  ],
  "val_acc": [
    0.425,
    0.75,
    0.775,
    0.75
  ]
}