{
  "train_loss": [
    2.1393551284616645,
    1.2936027700250798,
    1.3778217380697078,
    1.3885211185975508
  ],
  "train_acc": [
    0.26136363636363635,
    0.375,
    0.19318181818181818,
    0.2159090909090909
  ],
  "val_loss": [
    1.23325617313385,
    1.3918217897415162,
    1.2310158967971803,
    1.1376375913619996
  ],
  "val_acc": [
    0.25,
    0.25,
    0.25,
    0.45
  ]
}