{
  "train_loss": [
    1.5113472830165515,
    1.1772387244484641,
    1.2016302022066983,
    0.7783013040369208
  ],
  "train_acc": [
    0.3409090909090909,
    0.4772727272727273,
    0.4090909090909091,
    0.5340909090909091
  ],
  "val_loss": [
    1.2302053451538086,
    1.3852968692779541,
    0.7907893776893615,
    1.6361728668212892
  ],
  "val_acc": [
    0.55,
    0.25,
    0.5,
    0.525
  ]
}