{
  "train_loss": [
    2.1892070553519507,
    1.0607581517913125,
    1.5803552215749568,
    1.7765763022682883
  ],
  "train_acc": [
    0.3409090909090909,
    0.5681818181818182,
    0.6818181818181818,
    0.5454545454545454
  ],
  "val_loss": [
    1.3252540320158004,
    0.6542659997940063,
    0.8424379825592041,
    1.1480651378631592
  ],
  "val_acc": [
    0.5,
    0.75,
    0.675,
    0.45
  ]
}