{
  "train_loss": [
    3.3491390510038896
  ],
  "train_acc": [
    0.2840909090909091
  ],
  "val_loss": [
    1.3947154760360718
  ],
  "val_acc": [
    0.25
  ]
}