{
  "train_loss": [
    1.5386243300004439,
    1.227852312001315,
    1.1393076181411743,
    1.2912973815744573
  ],
  "train_acc": [
    0.2159090909090909,
    0.375,
    0.4772727272727273,
    0.26136363636363635
  ],
  "val_loss": [
    1.352370309829712,
    1.180340552330017,
    1.306581687927246,
    1.1153647184371949
  ],
  "val_acc": [
    0.25,
    0.5,
    0.25,
    0.25
  ]
}