{
  "train_loss": [
    1.6893559477545999,
    1.3126300790093162,
    1.2219711325385354,
    1.0533254038203845
  ],
  "train_acc": [
    0.23863636363636365,
    0.3977272727272727,
    0.4090909090909091,
    0.4431818181818182
  ],
  "val_loss": [
    1.4192751884460448,
    1.099502944946289,
    1.162889003753662,
    0.7951730012893676
  ],
  "val_acc": [
    0.25,
    0.5,
    0.5,
    0.5
  ]
}