{
  "train_loss": [
    1.7568923451683738,
    1.260570060123097,
    1.114922355521809,
    0.9486995285207575
  ],
  "train_acc": [
    0.13636363636363635,
    0.29545454545454547,
    0.5,
    0.4318181818181818
  ],
  "val_loss": [
    1.2305845260620116,
    1.287210965156555,
    0.9696098446846009,
    0.8010519027709961
  ],
  "val_acc": [
    0.25,
    0.5,
    0.5,
    0.475
  ]
}