{
  "train_loss": [
    1.5349701642990112,
    1.4219782135703347,
    1.0139890529892661,
    0.8457504998553883
  ],
  "train_acc": [
    0.38636363636363635,
    0.4772727272727273,
    0.48863636363636365,
    0.5
  ],
  "val_loss": [
    1.2355952382087707,
    1.0678093194961549,
    0.8680603742599488,
    0.736665141582489
  ],
  "val_acc": [
    0.5,
    0.5,
    0.5,
    0.5
  ]
}