{
  "train_loss": [
    6.130203030326149,
    1.423226605762135,
    1.384478514844721,
    1.3506925647908992
  ],
  "train_acc": [
    0.26136363636363635,
    0.26136363636363635,
    0.2727272727272727,
    0.25
  ],
  "val_loss": [
    1.371180248260498,
    1.3796950101852417,
    1.3194345712661744,
    1.2768796920776366
  ],
  "val_acc": [
    0.25,
    0.275,
    0.25,
    0.25
  ]
}