{
  "train_loss": [
    2.723829236897555,
    1.3020582740957087,
    1.545017502524636,
    1.081744454123757
  ],
  "train_acc": [
    0.2727272727272727,
    0.25,
    0.4772727272727273,
    0.6590909090909091
  ],
  "val_loss": [
    1.3706158638000487,
    1.0653755068778992,
    0.9986393392086029,
    1.486987257003784
  ],
  "val_acc": [
    0.25,
    0.5,
    0.55,
    0.5
  ]
}