{
  "train_loss": [
    2.0065192092548716,
    1.3361278555609963,
    1.1166094541549683,
    1.3167857636104932
  ],
  "train_acc": [
    0.2727272727272727,
    0.3522727272727273,
    0.5227272727272727,
    0.4318181818181818
  ],
  "val_loss": [
    1.429811382293701,
    1.5629520416259766,
    1.477583932876587,
    0.9323887586593628
  ],
  "val_acc": [
    0.275,
    0.475,
    0.475,
    0.525
  ]
}