{
  "train_loss": [
    1.8505026210438122
  ],
  "train_acc": [
    0.20454545454545456
  ],
  "val_loss": [
    1.3542813777923584
  ],
  "val_acc": [
    0.25
  ]
}