{
  "train_loss": [
    1.4371814402666958,
    1.4408843842419712,
    1.1016001051122493,
    1.2333867008035833
  ],
  "train_acc": [
    0.29545454545454547,
    0.375,
    0.3977272727272727,
    0.3977272727272727
  ],
  "val_loss": [
    1.3193907260894775,
    1.210759687423706,
    1.1725812196731566,
    0.9077230453491211
  ],
  "val_acc": [
    0.5,
    0.25,
    0.5,
    0.5
  ]
}