{
  "train_loss": [
    1.5398865179582075
  ],
  "train_acc": [
    0.1590909090909091
  ],
  "val_loss": [
    1.3846512317657471
  ],
  "val_acc": [
    0.275
  ]
}