{
  "train_loss": [
    2.4097752462733877,
    1.3522391644391147,
    1.184493812647733,
    1.038825051351027
  ],
  "train_acc": [
    0.20454545454545456,
    0.22727272727272727,
    0.36363636363636365,
    0.42045454545454547
  ],
  "val_loss": [
    1.3879074811935426,
    1.0983101367950439,
    1.2535215497016907,
    1.7368924856185912
  ],
  "val_acc": [
    0.25,
    0.5,
    0.5,
    0.5
  ]
}